Workbook

Sheet isco08 codes
A1: isco082d code | B1: isco082d label
A2: 11 | B2: Chief executives
A3: 12 | B3: Managers
A4: 13 | B4: Production managers
A5: 14 | B5: Hospitality services managers
A6: 21 | B6: Science, engineering pro.
A7: 22 | B7: Health pro.
A8: 23 | B8: Teaching pro.
A9: 24 | B9: Business pro.
A10: 25 | B10: IT technology pro.
A11: 26 | B11: Legal, social, cultural pro.
A12: 31 | B12: Science, engineering assoc. pro.
A13: 32 | B13: Health assoc. pro.
... A40: 96 | B40: Refuse workers, other elementary workers

Sheet AI Exposure
A1: country | B1: isco082d | C1: AI_Felten | D1: isco082d label
A2: AUT | B2: 11 | C2: 0.853265 | D2: =VLOOKUP(B2,'isco08 codes'!A:B,2,FALSE) -> Chief executives
A3: AUT | B3: 12 | C3: 0.8714296 | D3: =VLOOKUP(B3,'isco08 codes'!A:B,2,FALSE) -> Managers
A4: AUT | B4: 13 | C4: 0.8460969 | D4: =VLOOKUP(B4,'isco08 codes'!A:B,2,FALSE) -> Production managers
A5: AUT | B5: 14 | C5: 0.6908935 | D5: =VLOOKUP(B5,'isco08 codes'!A:B,2,FALSE) -> Hospitality services managers
A6: AUT | B6: 21 | C6: 0.878244 | D6: =VLOOKUP(B6,'isco08 codes'!A:B,2,FALSE) -> Science, engineering pro.
A7: AUT | B7: 22 | C7: 0.7347158 | D7: =VLOOKUP(B7,'isco08 codes'!A:B,2,FALSE) -> Health pro.
A8: AUT | B8: 23 | C8: 0.7783927 | D8: =VLOOKUP(B8,'isco08 codes'!A:B,2,FALSE) -> Teaching pro.
A9: AUT | B9: 24 | C9: 0.9058475 | D9: =VLOOKUP(B9,'isco08 codes'!A:B,2,FALSE) -> Business pro.
A10: AUT | B10: 25 | C10: 0.8903512 | D10: =VLOOKUP(B10,'isco08 codes'!A:B,2,FALSE) -> IT technology pro.
A11: AUT | B11: 26 | C11: 0.8047187 | D11: =VLOOKUP(B11,'isco08 codes'!A:B,2,FALSE) -> Legal, social, cultural pro.
A12: AUT | B12: 31 | C12: 0.7596342 | D12: =VLOOKUP(B12,'isco08 codes'!A:B,2,FALSE) -> Science, engineering assoc. pro.
A13: AUT | B13: 32 | C13: 0.6277029 | D13: =VLOOKUP(B13,'isco08 codes'!A:B,2,FALSE) -> Health assoc. pro.
... A869: USA | B869: 96 | C869: 0.5592092 | D869: =VLOOKUP(B869,'isco08 codes'!A:B,2,FALSE) -> Refuse workers, other elementary workers
